CustomerID,Age,Annual_Income,Spending_Score,Total_Purchases
1,19,15,39,4
2,21,15,81,15
3,20,16,6,2
4,23,16,77,14
5,31,17,40,7
6,22,17,76,12
7,35,18,6,3
8,23,18,94,18
9,64,19,3,1
10,30,19,72,14
11,67,19,14,2
12,35,19,99,19
13,58,20,15,3
14,24,20,77,13
15,37,20,13,2
16,22,20,79,15
17,35,21,35,6
18,20,21,66,11
19,52,23,29,5
20,35,23,98,19
21,35,24,35,6
22,25,24,73,12
23,46,25,5,1
24,31,25,73,13
25,54,28,14,3
26,29,28,82,16
27,45,28,32,5
28,35,28,61,10
29,40,29,31,5
30,23,29,87,17
31,60,30,4,1
32,21,30,73,13
33,53,33,4,2
34,18,33,92,18
35,49,33,14,3
36,21,33,81,15
37,42,34,17,3
38,30,34,73,14
39,36,37,26,4
40,20,37,75,13
41,65,38,35,6
42,24,38,92,17
43,48,39,36,5
44,31,39,61,11
45,49,39,28,4
46,24,39,65,12
47,50,40,55,9
48,27,40,47,8
49,29,40,42,7
50,31,40,42,7
51,49,42,52,9
52,27,42,60,11
53,40,43,54,9
54,59,43,60,10
55,50,43,45,8
56,47,43,41,7
57,51,44,50,8
58,69,44,46,7
59,27,46,51,9
60,53,46,46,8
61,70,46,56,10
62,19,46,55,9
63,67,47,41,7
64,54,47,59,10
65,63,48,51,9
66,18,48,59,10
67,43,48,50,8
68,68,48,48,8
69,19,48,59,11
70,32,48,47,8
71,70,49,55,9
72,47,49,42,7
73,60,50,49,8
74,60,50,56,10
75,59,54,47,8
76,26,54,54,9
77,40,54,48,8
78,67,54,43,7
79,46,54,41,7
80,25,54,42,7
81,46,54,51,9
82,38,54,55,9
83,67,54,41,7
84,46,54,44,7
85,54,54,43,7
86,21,54,57,10
87,48,54,46,8
88,30,54,55,10
89,22,57,55,9
90,58,57,46,8
91,35,57,55,9
92,51,57,41,7
93,48,58,55,10
94,20,58,42,7
95,64,58,52,9
96,32,58,42,7
97,51,58,46,8
98,27,58,50,9
99,48,58,42,7
100,35,58,41,7
101,23,59,41,7
102,49,60,49,8
103,27,60,56,10
104,26,60,55,9
105,49,62,42,8
106,25,62,56,10
107,46,62,46,8
108,21,62,42,7
109,54,63,46,8
110,38,63,43,7
111,35,63,48,8
112,43,63,52,9
113,43,64,42,7
114,19,64,46,8
115,34,65,50,9
116,19,65,50,9
117,50,65,43,7
118,27,67,41,7
119,52,67,43,7
120,38,67,57,10
121,27,67,56,10
122,57,67,40,7
123,38,69,58,11
124,40,69,91,17
125,39,69,35,6
126,31,70,77,14
127,43,71,35,6
128,40,71,95,18
129,59,71,11,2
130,38,71,75,13
131,47,71,9,2
132,39,71,75,14
133,25,72,34,6
134,31,72,71,13
135,20,73,5,1
136,27,73,88,16
137,44,73,7,2
138,32,73,73,13
139,57,73,5,1
140,29,73,82,15
141,56,75,5,1
142,32,75,93,17
143,38,75,10,2
144,32,75,74,13
145,25,77,12,2
146,28,77,97,18
147,32,77,36,6
148,34,78,73,14
149,56,78,22,4
150,30,78,73,13
151,43,78,17,3
152,39,78,88,16
153,44,78,20,3
154,38,78,76,14
155,47,78,16,3
156,27,78,89,17
157,37,78,1,1
158,30,78,78,14
159,34,78,1,1
160,30,78,73,14
161,56,79,35,6
162,29,79,83,15
163,41,80,9,2
164,32,81,93,18
165,54,81,14,2
166,38,81,87,16
167,42,86,20,3
168,33,86,95,18
169,36,87,27,5
170,30,87,63,12
171,40,87,13,2
172,28,87,75,14
173,36,87,10,2
174,36,87,92,17
175,52,88,13,2
176,30,88,86,16
177,58,88,15,3
178,27,88,69,13
179,59,93,14,2
180,35,93,90,17
181,37,97,32,6
182,32,97,86,16
183,46,98,15,2
184,29,98,88,16
185,41,99,39,7
186,30,99,97,18
187,54,101,24,4
188,28,101,68,13
189,41,103,17,3
190,36,103,85,16
191,34,103,23,4
192,32,103,69,13
193,33,113,8,2
194,38,113,91,17
195,47,120,16,3
196,35,120,79,15
197,45,126,28,5
198,32,126,74,14
199,32,137,18,3
200,30,137,83,15
